alpha,hidden layers,test max error,test min error,test avg error,test R2 error,train max error,train min error,train avg error,train R2 error,false positives,false negatives
0.1,[],0.9999993273828406,6.247881467746907e-08,0.19472430855957276,0.2996569319559512,0.9994426135232664,1.7052552255387622e-12,0.1121489324512894,0.6714809529113863,9,218
0.1,"[(57, 57)]",0.9282919883953574,0.07170801168849338,0.669890553615474,-3.704093119400116e+17,0.5428171349891675,0.4571828650571176,0.516504926823034,-6.3536029202647496e+16,0,713
0.1,"[(57, 57), (57, 57)]",0.5428171300039046,0.45718286999609536,0.4830157319769081,-1.9053217583528723e+31,0.9282919903391091,0.07170800966089086,0.33490420484129796,-1.393291768540221e+33,0,713
0.01,[],0.9265146937821184,0.0527019830046106,0.4026013935501108,-2.8073482951653674,0.9574025214624465,0.02413919885376321,0.27814775972377564,-1.2533060622295586,3,634
0.01,"[(57, 57)]",0.6927374317465489,0.3072625683385914,0.5764531438003705,-9.041706802977253e+16,0.6927374317406155,0.3072625682461887,0.4257045667966312,-3.678936429482009e+16,0,713
0.01,"[(57, 57), (57, 57)]",0.6927374301675979,0.3072625698324021,0.5764531432104433,-1.1628680018426947e+32,0.6927374301675979,0.3072625698324021,0.42570456602474754,-1.7312150923643976e+31,0,713
0.001,[],0.7172389611599039,0.28303829230391125,0.5726993630349729,-4002.6598140288133,0.7106107453034669,0.2623173586619993,0.42666224024818317,-1745.87536517402,0,713
