clase,alpha,max error,min error,avg error,false positives,false negatives
Iris-versicolor,2.0,0.9856648300814457,0.007766072663510938,0.33420140618809846,5.0,0.0
Iris-versicolor,0.5,0.9809487729938418,0.012018899094627625,0.33560431551894077,5.0,0.0
Iris-versicolor,0.1,0.9802994731551052,0.012555473250388038,0.3358329669061603,5.0,0.0
Iris-versicolor,0.01,0.9771213788286409,0.012803090462287201,0.3348514960393648,5.0,0.0
Iris-versicolor,0.001,0.9707221377878084,0.0151200784465387,0.3348606781367177,5.0,0.0
Iris-versicolor,0.0001,0.9279507023986,0.05042529147998087,0.3456814075992532,4.375,0.125
