clase,alpha,max error,min error,avg error,false positives,false negatives
Iris-setosa,2.0,0.9933435475468932,0.008066325293139375,0.3377738538927822,5.0,0.0
Iris-setosa,0.5,0.9901284783820289,0.012039979227709515,0.33950705210492543,5.0,0.0
Iris-setosa,0.1,0.9899489166225311,0.012420648064515363,0.3399395207093908,5.0,0.0
Iris-setosa,0.01,0.9882536929374193,0.013707593717136105,0.3401660384718401,5.0,0.0
Iris-setosa,0.001,0.9847716354442825,0.018377809625645752,0.3432939118246266,5.0,0.0
Iris-setosa,0.0001,0.9478732806218579,0.06809157931421397,0.3679522936250755,4.875,2.375
